{
  "/home/jan/Dokumente/Landje-466734.pdf": {
    "size": 224782,
    "modified": 1732624165.2933307,
    "hash": "d13c97a2081b2b67d076cd22a4acb279a79c07f6f9218f494a70ff0c5401b062"
  },
  "/home/jan/Dokumente/2_5346310878436285989_copy.pdf": {
    "size": 233203,
    "modified": 1732624450.5566537,
    "hash": "81ffac3250cde9651aead27f4e3f0a1ad2aaea9acb11214e77764bac617af969"
  },
  "/home/jan/Dokumente/seshat-wallpaper2.xcf": {
    "size": 6644413,
    "modified": 1711450874.3699977,
    "hash": "140aee0be35f1ad51b348912796ee0936bb7c94bfd3711140dce68110764d35b"
  },
  "/home/jan/Dokumente/Muster_Mitteilungsschreiben_deutsch.pdf": {
    "size": 54053,
    "modified": 1734014265.3100555,
    "hash": "22e328ac98d5a0fc560cfb0cc475d52937d28bbe1dcc7fcb0817231f8f5fba2b"
  },
  "/home/jan/Dokumente/scan_copy.pdf": {
    "size": 391144,
    "modified": 1741617321.6381662,
    "hash": "59fa2a24884d4a9e657ca649c296136d130e1ba142d9cf283c6d6cde2b6059a1"
  },
  "/home/jan/Dokumente/AV_Landje_Verl\u00e4ngerung 03.2025_copy.pdf": {
    "size": 660566,
    "modified": 1741616963.6288412,
    "hash": "cda891d9b80b3400a76425df2219e2a9ae6ab4e3cd93075b45f518e239fa49e2"
  },
  "/home/jan/Dokumente/Jan-Landje.pdf": {
    "size": 67016,
    "modified": 1737566192.3822083,
    "hash": "7aed020be457d03674c539aabe7b434535ac7daf98dd0ca06877741d89559d0a"
  },
  "/home/jan/Dokumente/Offene Zuzahlung.pdf": {
    "size": 119611,
    "modified": 1741271146.6045697,
    "hash": "2bb690c7de00e05abe55a00d98989d9763bd8121a7982fdf53e231a481be5d83"
  },
  "/home/jan/Dokumente/scan.pdf": {
    "size": 384221,
    "modified": 1741617182.0837967,
    "hash": "f865dcf6400b8d13cbdd77ee42d13a309a451e3337ce467c23138375ab2dca07"
  },
  "/home/jan/Dokumente/20130722_Allgemeinverfuegung_BMF.pdf": {
    "size": 39322,
    "modified": 1734014176.4304776,
    "hash": "1d4bb9f7c872879eebc5d4ced02373feaa9c6eb725f73ae86043d64ea7c9ad42"
  },
  "/home/jan/Dokumente/aleph.xcf": {
    "size": 4348130,
    "modified": 1739718338.9681213,
    "hash": "e8d91e2aaec05f0dfaf656eaa8662a0bc7d8c1e313f9d9d4a551b959b7a398db"
  },
  "/home/jan/Dokumente/favicon.xcf": {
    "size": 22016,
    "modified": 1709848112.638735,
    "hash": "444cd78bba8d5605cecce2ce44eba22ed4b879bdc6f06547f5b2ee1aa75d4dbb"
  },
  "/home/jan/Dokumente/BE-Berlin_(Charlottenburg)_HRB_217604+AD-20241129124649.pdf": {
    "size": 74175,
    "modified": 1732880809.714226,
    "hash": "15f2cf71d473854f090f64c04c6f59cf6e723b3b58cac4fbc1f0454d15fe5cc2"
  },
  "/home/jan/Dokumente/einwilligung_einmeldung_identitaetsbetrug.pdf": {
    "size": 90498,
    "modified": 1732963046.6089003,
    "hash": "d21a51280ab176040403556dd1ede8ac9d671cc5e4e4f9b26ea49143e829e743"
  },
  "/home/jan/Dokumente/20241126124923_TK-Versicherungsnummern-Nachweis bestellen.pdf": {
    "size": 48417,
    "modified": 1732625355.0866213,
    "hash": "7713328a2ccce0379b2e8f0c715ca7c076afff7b410e259ddc244049abeea63d"
  },
  "/home/jan/Dokumente/Anlage_SteuerID.pdf": {
    "size": 47372,
    "modified": 1738944691.6474078,
    "hash": "a1aa536713914536cde615f46a704dcb07daed2b23584748c8831d93e0e76e1d"
  },
  "/home/jan/Dokumente/Greek  & Hebrew Alphabets - nice but both together, i need it as a reference....pdf": {
    "size": 35148,
    "modified": 1739217980.1662123,
    "hash": "d3d3de546933cf5afcce5da6d4a753a074b26ceb77dacba8511bddb34a8a2737"
  },
  "/home/jan/Dokumente/Arbeitsvertrag_Neuntech.pdf": {
    "size": 233203,
    "modified": 1732880544.4291449,
    "hash": "81ffac3250cde9651aead27f4e3f0a1ad2aaea9acb11214e77764bac617af969"
  },
  "/home/jan/Dokumente/seshat-wallpaper.xcf": {
    "size": 6660667,
    "modified": 1711450468.8133318,
    "hash": "10dcec45f119441b2035f597e6c117f692a688ccbc1b309fcd93c68884f28201"
  },
  "/home/jan/Dokumente/Vetragsverlaengerung_Lindt_Randstad_Januar2024.pdf": {
    "size": 453489,
    "modified": 1737046696.4398243,
    "hash": "891b5f5d0ffd08a0fafbb530e88d69e451bf66fc5b3c71ce95bc46462df323ed"
  },
  "/home/jan/Dokumente/think_twice.xcf": {
    "size": 209807,
    "modified": 1729249201.7467265,
    "hash": "b61f1ef8ce67aa954e582c1c4bb16f39eb75a1959146e7ba0d9fb44e123e924c"
  },
  "/home/jan/Dokumente/Offene Beitr\u00e4ge_ Jetzt schnell \u00fcberweisen.pdf": {
    "size": 112529,
    "modified": 1741271325.0695603,
    "hash": "b2e14a0a4d77cc1ac7bd5215f762f725cbbdff8ec66201e3bec29bfc962cbbe5"
  },
  "/home/jan/Dokumente/Liber IV, Liber ABA - PDF Room.pdf": {
    "size": 2766063,
    "modified": 1737914074.1652203,
    "hash": "1576783f0725e6edaf99a3ff05cd92f621bb02f4991c6180711a2164aea62c3c"
  },
  "/home/jan/Dokumente/scan_signed.pdf": {
    "size": 800535,
    "modified": 1737648825.9301283,
    "hash": "4c0c95c11ac004e0120d936b2f574152f528dc26d26392adf0c02055464abfd4"
  },
  "/home/jan/Dokumente/visitenkarte.xcf": {
    "size": 10010,
    "modified": 1729067785.255189,
    "hash": "4634692e9278bc8af6ddba97871435b6e83cc635187eb2f6fb5decea19f8f77c"
  },
  "/home/jan/Dokumente/Nachricht an die TK_ umzug melden.pdf": {
    "size": 50183,
    "modified": 1741271118.328918,
    "hash": "eda239c5699778a44ea4c226342517bbe00781d9277ced54e4436f16f72682c0"
  },
  "/home/jan/Dokumente/4930fc0f-ce8e-4948-9c63-8af8855ac55e.pdf": {
    "size": 83572,
    "modified": 1738944744.2347188,
    "hash": "f9e189e4550896074d0164961197c8cc260d34c0c45cc7951a6af88647b965d2"
  },
  "/home/jan/Dokumente/yi.xcf": {
    "size": 1131390,
    "modified": 1739014029.4906652,
    "hash": "f97ec60567d5b39ad11432bc4b39d4250f7f7e6c4bbdb40a65584c0a3f6d0bb4"
  },
  "/home/jan/Dokumente/dhwtj.xcf": {
    "size": 2345729,
    "modified": 1745364945.4404564,
    "hash": "d31fc1971f1b45b1d237b4d937cfb570ead993e74c3e582754f7ede3494cdd23"
  },
  "/home/jan/Dokumente/buy_shit.xcf": {
    "size": 183736,
    "modified": 1729250599.3501298,
    "hash": "021654a8a42ccf5b690faeefd1da33e83d500ff9cd3dc315ee68051b782e2244"
  },
  "/home/jan/Dokumente/think_trhice.xcf": {
    "size": 322298,
    "modified": 1729249589.3600793,
    "hash": "68cdf70753b1d85d8c14c3065ff303bf35a7a2f54084b5fb3444b4cdc54390d3"
  },
  "/home/jan/Dokumente/Lebenslauf.pdf": {
    "size": 86505,
    "modified": 1737572723.038624,
    "hash": "3755a9b051bf710409a743779f5aa64769ce09f95b036cd043783b3c47d37bc0"
  },
  "/home/jan/Dokumente/Stronghold/stronghold.cfg": {
    "size": 826,
    "modified": 1745265881.7407975,
    "hash": "6d26e1f316c1cdbd9e127f17f7f03539edaa44191a5307317559b16c94134be0"
  },
  "/home/jan/Dokumente/Stronghold/Saves/mission3.sco": {
    "size": 44,
    "modified": 1709033574.8424785,
    "hash": "98894c3c39a10051bc7fc5fef8d8bb493aa75529d88d8999fdf5dd50f30418f0"
  },
  "/home/jan/Dokumente/Stronghold/Saves/mission4.sco": {
    "size": 44,
    "modified": 1745265793.1467276,
    "hash": "22e2787a11d6b16b9e1cad8a82e8ccdddbe160d484e31f6be31570b7c42ec6c5"
  },
  "/home/jan/Dokumente/Stronghold/Saves/mission1.sco": {
    "size": 44,
    "modified": 1709033010.742466,
    "hash": "c72df6d3225154b88b9f6ca1eb8c38d863599ecc41985d92b4afd0fbbf85d2da"
  },
  "/home/jan/Dokumente/Stronghold/Saves/mission2.sco": {
    "size": 44,
    "modified": 1709033183.405803,
    "hash": "8bfbcece1e86209de2e6e52ea19014f09837bff5e4df523a634671cafd700fe9"
  },
  "/home/jan/Dokumente/My Games/Civ4/CivilizationIV.ini": {
    "size": 149,
    "modified": 1474036456.0,
    "hash": "aef56dc40e0c2870ba29d693343c48fe0203dc3f7803e160d5a584b2d75ca84d"
  },
  "/home/jan/Dokumente/My Games/FalloutNV/Fallout.ini": {
    "size": 20020,
    "modified": 1743098026.2191017,
    "hash": "988235eed2f12e983264d462b9938dc1c585c56e55a6d370d72fb55b8d3172f4"
  },
  "/home/jan/Dokumente/My Games/FalloutNV/RendererInfo.txt": {
    "size": 808,
    "modified": 1744618809.9351926,
    "hash": "bea88f60c7d78ce8e67bd810099ca8bb4cf701365970c58236b31e852a8895fd"
  },
  "/home/jan/Dokumente/My Games/FalloutNV/FalloutPrefs.ini": {
    "size": 21378,
    "modified": 1743099543.646578,