{
  "origin": {
    "gen": 0,
    "type": "origin",
    "age": 0,
    "entropy": 0.0
  },
  "origin_1": {
    "gen": 1,
    "type": "normal",
    "age": 0,
    "entropy": 0.17646622180430271
  },
  "origin_1_2": {
    "gen": 2,
    "type": "normal",
    "age": 0,
    "entropy": 0.35692555996175834
  },
  "origin_1_2_3": {
    "gen": 3,
    "type": "normal",
    "age": 0,
    "entropy": 0.42152874126817075
  },
  "collapse_origin_1_2_3_3": {
    "gen": 4,
    "type": "collapse",
    "age": 0,
    "entropy": 1.0
  },
  "origin_1_2_4": {
    "gen": 3,
    "type": "normal",
    "age": 0,
    "entropy": 0.797418225247832
  },
  "origin_1_5": {
    "gen": 2,
    "type": "normal",
    "age": 0,
    "entropy": 0.3026449676148284
  },
  "origin_1_5_6": {
    "gen": 3,
    "type": "normal",
    "age": 0,
    "entropy": 0.06540943384217324
  },
  "origin_7": {
    "gen": 1,
    "type": "normal",
    "age": 0,
    "entropy": 0.14388065601784839
  },
  "origin_7_8": {
    "gen": 2,
    "type": "normal",
    "age": 0,
    "entropy": 0.2830058546022466
  },
  "origin_7_8_9": {
    "gen": 3,
    "type": "normal",
    "age": 0,
    "entropy": 0.23172502615734059
  },
  "origin_7_10": {
    "gen": 2,
    "type": "normal",
    "age": 0,
    "entropy": 0.8036816571582022
  },
  "origin_11": {
    "gen": 1,
    "type": "normal",
    "age": 0,
    "entropy": 0.1372737727547385
  },
  "origin_11_12": {
    "gen": 2,
    "type": "normal",
    "age": 0,
    "entropy": 0.13452267347860802
  },
  "origin_11_12_13": {
    "gen": 3,
    "type": "normal",
    "age": 0,
    "entropy": 0.12634598507662143
  },
  "origin_11_12_14": {
    "gen": 3,
    "type": "normal",
    "age": 0,
    "entropy": 0.47324642530197003
  },
  "collapse_origin_11_12_14": {
    "gen": 3,
    "type": "collapse",
    "age": 0,
    "entropy": 1.0
  }
}